SNP,beta,se,effect_allele,other_allele,pval,samplesize,exposure,id.exposure,mr_keep,Gene,GeneChr,GenePos,SNPChr,SNPPos,FDR,BonferroniP,F_stat
rs11085898,0.4984266542191754,0.08373259654926846,A,G,2.6424e-09,14263,NDUFB7_eQTL,NDUFB7,True,NDUFB7,19,14679882,19,14679428,2.6065424214779097E-5,0.3364879670352,35.43344676
rs4926228,0.49237330178167693,0.08373553201164555,C,T,4.1027e-09,14262,NDUFB7_eQTL,NDUFB7,True,NDUFB7,19,14679882,19,14678940,3.244435792615664E-5,0.5224451946546,34.57557601
rs4926130,0.5448885446211367,0.09327887436807955,T,C,5.1764e-09,11493,NDUFB7_eQTL,NDUFB7,True,NDUFB7,19,14679882,19,14672165,3.237293622531564E-5,0.6591720831672,34.12312225
rs754192,0.5372115922277148,0.09327075928046856,G,T,8.4313e-09,11495,NDUFB7_eQTL,NDUFB7,True,NDUFB7,19,14679882,19,14670837,5.806077027288562E-5,1,33.17414409
rs1978625,0.5343249387991226,0.09326670253082957,C,G,1.0102e-08,11496,NDUFB7_eQTL,NDUFB7,True,NDUFB7,19,14679882,19,14671045,5.795981452859351E-5,1,32.821441
rs12976927,0.5337836968963521,0.09363804874946971,T,A,1.1953e-08,11405,NDUFB7_eQTL,NDUFB7,True,NDUFB7,19,14679882,19,14676172,6.428387760349704E-5,1,32.49570025
rs891089,0.46919382364512735,0.083750213955898,C,T,2.1165e-08,14257,NDUFB7_eQTL,NDUFB7,True,NDUFB7,19,14679882,19,14674235,1.0863313949773148E-4,1,31.385765289999995
rs4926133,0.5239653093360125,0.09364215415091191,T,C,2.2037e-08,11404,NDUFB7_eQTL,NDUFB7,True,NDUFB7,19,14679882,19,14672770,1.0861231791464349E-4,1,31.308501159999995
rs930090,0.4664232655500562,0.0837384677827749,A,G,2.5503e-08,14261,NDUFB7_eQTL,NDUFB7,True,NDUFB7,19,14679882,19,14667417,1.1485451761102603E-4,1,31.024900000000002
rs4926132,0.4650283277539807,0.0840098868652637,C,T,3.1052e-08,14169,NDUFB7_eQTL,NDUFB7,True,NDUFB7,19,14679882,19,14672749,1.337068636189991E-4,1,30.64065316
rs1609865,0.4555220717473302,0.08373259654926846,G,T,5.3281e-08,14263,NDUFB7_eQTL,NDUFB7,True,NDUFB7,19,14679882,19,14671388,1.8995757614132845E-4,1,29.59577604
rs1978626,0.48544985565152293,0.09540699179504009,G,C,3.6186e-07,10986,NDUFB7_eQTL,NDUFB7,True,NDUFB7,19,14679882,19,14671041,0.001079136690647482,1,25.889779239999996
rs9543,0.4083384890246906,0.08375315127160099,G,C,1.0859e-06,14256,NDUFB7_eQTL,NDUFB7,True,NDUFB7,19,14679882,19,14682804,0.0030752266601323207,1,23.770500249999998
rs7250334,0.4063626643132548,0.08373259654926846,T,C,1.2161e-06,14263,NDUFB7_eQTL,NDUFB7,True,NDUFB7,19,14679882,19,14681494,0.0034438463420601905,1,23.552579610000006
rs114726612,0.392353002340591,0.08375021395589802,T,C,2.8051e-06,14257,NDUFB7_eQTL,NDUFB7,True,NDUFB7,19,14679882,19,14760872,0.007538937034119145,1,21.94735104
rs11670964,0.39190075118522916,0.083750213955898,T,C,2.88e-06,14257,NDUFB7_eQTL,NDUFB7,True,NDUFB7,19,14679882,19,14762169,0.007732396073203248,1,21.89678436
rs7255156,0.3854430274028056,0.08373553201164553,A,G,4.1645e-06,14262,NDUFB7_eQTL,NDUFB7,True,NDUFB7,19,14679882,19,14766749,0.011128536099885396,1,21.188529610000003
rs8106222,0.3842372357418379,0.08373553201164553,G,C,4.4623e-06,14262,NDUFB7_eQTL,NDUFB7,True,NDUFB7,19,14679882,19,14766144,0.011938049897553333,1,21.056167690000002
rs56177646,0.38406682578618073,0.083753151271601,G,A,4.5268e-06,14256,NDUFB7_eQTL,NDUFB7,True,NDUFB7,19,14679882,19,14759798,0.012133992047234607,1,21.02864449
rs11085903,0.3834115595991002,0.08373259654926846,C,T,4.6765e-06,14263,NDUFB7_eQTL,NDUFB7,True,NDUFB7,19,14679882,19,14766584,0.012585812356979404,1,20.967240999999998
rs11673123,-0.3842150169448879,0.08474271972140715,G,C,5.7877e-06,13925,NDUFB7_eQTL,NDUFB7,True,NDUFB7,19,14679882,19,14681046,0.015319046761510293,1,20.55624921
rs12151217,0.3784079521292249,0.08376490362572771,A,G,6.2604e-06,14252,NDUFB7_eQTL,NDUFB7,True,NDUFB7,19,14679882,19,14775110,0.016621694549379385,1,20.40780625
rs7256352,0.3723611244713173,0.0837707816583391,T,C,8.7974e-06,14250,NDUFB7_eQTL,NDUFB7,True,NDUFB7,19,14679882,19,14766937,0.022968050164228128,1,19.758025000000004
rs7252869,0.37215147364367207,0.08374434025150702,T,C,8.8384e-06,14259,NDUFB7_eQTL,NDUFB7,True,NDUFB7,19,14679882,19,14767862,0.023099432666467603,1,19.748247210000002
rs11085909,-0.37059094374658014,0.083753151271601,G,A,9.6442e-06,14256,NDUFB7_eQTL,NDUFB7,True,NDUFB7,19,14679882,19,14830749,0.025156482861400896,1,19.578855040000004
rs11085901,-0.3703824166435555,0.08375902683029297,C,T,9.7791e-06,14254,NDUFB7_eQTL,NDUFB7,True,NDUFB7,19,14679882,19,14757602,0.02546787459768745,1,19.554083999999996
rs11666622,-0.36833969222023194,0.08373259654926846,G,T,1.0875e-05,14263,NDUFB7_eQTL,NDUFB7,True,NDUFB7,19,14679882,19,14830568,0.02815233561440048,1,19.351201
rs3752185,-0.36803441029758444,0.08373553201164553,G,A,1.1067e-05,14262,NDUFB7_eQTL,NDUFB7,True,NDUFB7,19,14679882,19,14828737,0.028635173726796765,1,19.31778304
rs73014710,-0.3679461490164504,0.08373259654926846,G,A,1.1108e-05,14263,NDUFB7_eQTL,NDUFB7,True,NDUFB7,19,14679882,19,14825265,0.028731187912676225,1,19.309872490000004
rs11670658,-0.3672762882440562,0.08373259654926844,T,C,1.1524e-05,14263,NDUFB7_eQTL,NDUFB7,True,NDUFB7,19,14679882,19,14836559,0.02991737502229091,1,19.239627690000003
rs4078372,0.36661480073131697,0.08373259654926844,T,G,1.1955e-05,14263,NDUFB7_eQTL,NDUFB7,True,NDUFB7,19,14679882,19,14782313,0.03102465102465102,1,19.17038656
rs78898028,0.3664054692399438,0.08373259654926846,A,G,1.2099e-05,14263,NDUFB7_eQTL,NDUFB7,True,NDUFB7,19,14679882,19,14843386,0.03135950585021084,1,19.148500809999998
rs11085902,-0.3662380509152987,0.08377666092856133,T,A,1.2334e-05,14248,NDUFB7_eQTL,NDUFB7,True,NDUFB7,19,14679882,19,14763856,0.03186082413015082,1,19.11088656
rs3850143,-0.3646638312317191,0.08373259654926846,A,G,1.3295e-05,14263,NDUFB7_eQTL,NDUFB7,True,NDUFB7,19,14679882,19,14812356,0.03417368608375845,1,18.966896010000003
rs12982955,-0.3641614356524234,0.08373259654926846,G,A,1.3664e-05,14263,NDUFB7_eQTL,NDUFB7,True,NDUFB7,19,14679882,19,14811834,0.03513016663701595,1,18.91467081
rs4808971,-0.3635141764434715,0.08375902683029297,T,C,1.4235e-05,14254,NDUFB7_eQTL,NDUFB7,True,NDUFB7,19,14679882,19,14767260,0.036510663507109,1,18.8356
rs11085908,-0.3620764939983467,0.08373259654926846,T,G,1.5309e-05,14263,NDUFB7_eQTL,NDUFB7,True,NDUFB7,19,14679882,19,14822559,0.03883070004142257,1,18.698705640000004
rs7255012,-0.35752144074606645,0.08373259654926846,G,T,1.9547e-05,14263,NDUFB7_eQTL,NDUFB7,True,NDUFB7,19,14679882,19,14766649,0.04860407586288138,1,18.23119204
