SNP,beta,se,effect_allele,other_allele,pval,samplesize,exposure,id.exposure,mr_keep,Gene,GeneChr,GenePos,SNPChr,SNPPos,FDR,BonferroniP,F_stat,Zscore
rs11085898,0.498426654219175,0.0837325965492685,A,G,2.6424e-09,14263,NDUFB7_eQTL,NDUFB7,TRUE,NDUFB7,19,14679882,19,14679428,2.60654242147791e-05,0.3364879670352,35.43344676,5.9526
rs4926228,0.492373301781677,0.0837355320116456,C,T,4.1027e-09,14262,NDUFB7_eQTL,NDUFB7,TRUE,NDUFB7,19,14679882,19,14678940,3.24443579261566e-05,0.5224451946546,34.57557601,5.8801
rs4926130,0.544888544621137,0.0932788743680796,T,C,5.1764e-09,11493,NDUFB7_eQTL,NDUFB7,TRUE,NDUFB7,19,14679882,19,14672165,3.23729362253156e-05,0.6591720831672,34.12312225,5.8415
rs754192,0.537211592227715,0.0932707592804686,G,T,8.4313e-09,11495,NDUFB7_eQTL,NDUFB7,TRUE,NDUFB7,19,14679882,19,14670837,5.80607702728856e-05,1,33.17414409,5.7597
rs1978625,0.534324938799123,0.0932667025308296,C,G,1.0102e-08,11496,NDUFB7_eQTL,NDUFB7,TRUE,NDUFB7,19,14679882,19,14671045,5.79598145285935e-05,1,32.821441,5.729
rs12976927,0.533783696896352,0.0936380487494697,T,A,1.1953e-08,11405,NDUFB7_eQTL,NDUFB7,TRUE,NDUFB7,19,14679882,19,14676172,6.4283877603497e-05,1,32.49570025,5.7005
rs891089,0.469193823645127,0.083750213955898,C,T,2.1165e-08,14257,NDUFB7_eQTL,NDUFB7,TRUE,NDUFB7,19,14679882,19,14674235,0.000108633139497731,1,31.38576529,5.6023
rs4926133,0.523965309336013,0.0936421541509119,T,C,2.2037e-08,11404,NDUFB7_eQTL,NDUFB7,TRUE,NDUFB7,19,14679882,19,14672770,0.000108612317914643,1,31.30850116,5.5954
rs930090,0.466423265550056,0.0837384677827749,A,G,2.5503e-08,14261,NDUFB7_eQTL,NDUFB7,TRUE,NDUFB7,19,14679882,19,14667417,0.000114854517611026,1,31.0249,5.57
rs4926132,0.465028327753981,0.0840098868652637,C,T,3.1052e-08,14169,NDUFB7_eQTL,NDUFB7,TRUE,NDUFB7,19,14679882,19,14672749,0.000133706863618999,1,30.64065316,5.5354
rs1609865,0.45552207174733,0.0837325965492685,G,T,5.3281e-08,14263,NDUFB7_eQTL,NDUFB7,TRUE,NDUFB7,19,14679882,19,14671388,0.000189957576141328,1,29.59577604,5.4402
rs1978626,0.485449855651523,0.0954069917950401,G,C,3.6186e-07,10986,NDUFB7_eQTL,NDUFB7,TRUE,NDUFB7,19,14679882,19,14671041,0.00107913669064748,1,25.88977924,5.0882
rs9543,0.408338489024691,0.083753151271601,G,C,1.0859e-06,14256,NDUFB7_eQTL,NDUFB7,TRUE,NDUFB7,19,14679882,19,14682804,0.00307522666013232,1,23.77050025,4.8755
rs7250334,0.406362664313255,0.0837325965492685,T,C,1.2161e-06,14263,NDUFB7_eQTL,NDUFB7,TRUE,NDUFB7,19,14679882,19,14681494,0.00344384634206019,1,23.55257961,4.8531
rs114726612,0.392353002340591,0.083750213955898,T,C,2.8051e-06,14257,NDUFB7_eQTL,NDUFB7,TRUE,NDUFB7,19,14679882,19,14760872,0.00753893703411915,1,21.94735104,4.6848
rs11670964,0.391900751185229,0.083750213955898,T,C,2.88e-06,14257,NDUFB7_eQTL,NDUFB7,TRUE,NDUFB7,19,14679882,19,14762169,0.00773239607320325,1,21.89678436,4.6794
rs7255156,0.385443027402806,0.0837355320116455,A,G,4.1645e-06,14262,NDUFB7_eQTL,NDUFB7,TRUE,NDUFB7,19,14679882,19,14766749,0.0111285360998854,1,21.18852961,4.6031
rs8106222,0.384237235741838,0.0837355320116455,G,C,4.4623e-06,14262,NDUFB7_eQTL,NDUFB7,TRUE,NDUFB7,19,14679882,19,14766144,0.0119380498975533,1,21.05616769,4.5887
rs56177646,0.384066825786181,0.083753151271601,G,A,4.5268e-06,14256,NDUFB7_eQTL,NDUFB7,TRUE,NDUFB7,19,14679882,19,14759798,0.0121339920472346,1,21.02864449,4.5857
rs11085903,0.3834115595991,0.0837325965492685,C,T,4.6765e-06,14263,NDUFB7_eQTL,NDUFB7,TRUE,NDUFB7,19,14679882,19,14766584,0.0125858123569794,1,20.967241,4.579
rs11673123,-0.384215016944888,0.0847427197214071,G,C,5.7877e-06,13925,NDUFB7_eQTL,NDUFB7,TRUE,NDUFB7,19,14679882,19,14681046,0.0153190467615103,1,20.55624921,-4.5339
rs12151217,0.378407952129225,0.0837649036257277,A,G,6.2604e-06,14252,NDUFB7_eQTL,NDUFB7,TRUE,NDUFB7,19,14679882,19,14775110,0.0166216945493794,1,20.40780625,4.5175
rs7256352,0.372361124471317,0.0837707816583391,T,C,8.7974e-06,14250,NDUFB7_eQTL,NDUFB7,TRUE,NDUFB7,19,14679882,19,14766937,0.0229680501642281,1,19.758025,4.445
rs7252869,0.372151473643672,0.083744340251507,T,C,8.8384e-06,14259,NDUFB7_eQTL,NDUFB7,TRUE,NDUFB7,19,14679882,19,14767862,0.0230994326664676,1,19.74824721,4.4439
rs11085909,-0.37059094374658,0.083753151271601,G,A,9.6442e-06,14256,NDUFB7_eQTL,NDUFB7,TRUE,NDUFB7,19,14679882,19,14830749,0.0251564828614009,1,19.57885504,-4.4248
rs11085901,-0.370382416643555,0.083759026830293,C,T,9.7791e-06,14254,NDUFB7_eQTL,NDUFB7,TRUE,NDUFB7,19,14679882,19,14757602,0.0254678745976875,1,19.554084,-4.422
rs11666622,-0.368339692220232,0.0837325965492685,G,T,1.0875e-05,14263,NDUFB7_eQTL,NDUFB7,TRUE,NDUFB7,19,14679882,19,14830568,0.0281523356144005,1,19.351201,-4.399
rs3752185,-0.368034410297584,0.0837355320116455,G,A,1.1067e-05,14262,NDUFB7_eQTL,NDUFB7,TRUE,NDUFB7,19,14679882,19,14828737,0.0286351737267968,1,19.31778304,-4.3952
rs73014710,-0.36794614901645,0.0837325965492685,G,A,1.1108e-05,14263,NDUFB7_eQTL,NDUFB7,TRUE,NDUFB7,19,14679882,19,14825265,0.0287311879126762,1,19.30987249,-4.3943
rs11670658,-0.367276288244056,0.0837325965492684,T,C,1.1524e-05,14263,NDUFB7_eQTL,NDUFB7,TRUE,NDUFB7,19,14679882,19,14836559,0.0299173750222909,1,19.23962769,-4.3863
rs4078372,0.366614800731317,0.0837325965492684,T,G,1.1955e-05,14263,NDUFB7_eQTL,NDUFB7,TRUE,NDUFB7,19,14679882,19,14782313,0.031024651024651,1,19.17038656,4.3784
rs78898028,0.366405469239944,0.0837325965492685,A,G,1.2099e-05,14263,NDUFB7_eQTL,NDUFB7,TRUE,NDUFB7,19,14679882,19,14843386,0.0313595058502108,1,19.14850081,4.3759
rs11085902,-0.366238050915299,0.0837766609285613,T,A,1.2334e-05,14248,NDUFB7_eQTL,NDUFB7,TRUE,NDUFB7,19,14679882,19,14763856,0.0318608241301508,1,19.11088656,-4.3716
rs3850143,-0.364663831231719,0.0837325965492685,A,G,1.3295e-05,14263,NDUFB7_eQTL,NDUFB7,TRUE,NDUFB7,19,14679882,19,14812356,0.0341736860837585,1,18.96689601,-4.3551
rs12982955,-0.364161435652423,0.0837325965492685,G,A,1.3664e-05,14263,NDUFB7_eQTL,NDUFB7,TRUE,NDUFB7,19,14679882,19,14811834,0.035130166637016,1,18.91467081,-4.3491
rs4808971,-0.363514176443472,0.083759026830293,T,C,1.4235e-05,14254,NDUFB7_eQTL,NDUFB7,TRUE,NDUFB7,19,14679882,19,14767260,0.036510663507109,1,18.8356,-4.34
rs11085908,-0.362076493998347,0.0837325965492685,T,G,1.5309e-05,14263,NDUFB7_eQTL,NDUFB7,TRUE,NDUFB7,19,14679882,19,14822559,0.0388307000414226,1,18.69870564,-4.3242
rs7255012,-0.357521440746066,0.0837325965492685,G,T,1.9547e-05,14263,NDUFB7_eQTL,NDUFB7,TRUE,NDUFB7,19,14679882,19,14766649,0.0486040758628814,1,18.23119204,-4.2698
