SNP,effect_allele,other_allele,beta,se,pval,FDR,Gene,logp
rs11085898,A,G,0.498426654219175,0.0837325965492685,2.6424e-09,2.60654242147791e-05,NDUFB7,8.57800143931664
rs4926228,C,T,0.492373301781677,0.0837355320116456,4.1027e-09,3.24443579261566e-05,NDUFB7,8.38693023860412
rs4926130,T,C,0.544888544621137,0.0932788743680796,5.1764e-09,3.23729362253156e-05,NDUFB7,8.28597217146596
rs754192,G,T,0.537211592227715,0.0932707592804686,8.4313e-09,5.80607702728856e-05,NDUFB7,8.07410545748695
rs1978625,C,G,0.534324938799123,0.0932667025308296,1.0102e-08,5.79598145285935e-05,NDUFB7,7.99559263582367
rs12976927,T,A,0.533783696896352,0.0936380487494697,1.1953e-08,6.4283877603497e-05,NDUFB7,7.92252308049566
rs891089,C,T,0.469193823645127,0.083750213955898,2.1165e-08,0.000108633139497731,NDUFB7,7.67438172718997
rs4926133,T,C,0.523965309336013,0.0936421541509119,2.2037e-08,0.000108612317914643,NDUFB7,7.65684752833774
rs930090,A,G,0.466423265550056,0.0837384677827749,2.5503e-08,0.000114854517611026,NDUFB7,7.59340872910285
rs4926132,C,T,0.465028327753981,0.0840098868652637,3.1052e-08,0.000133706863618999,NDUFB7,7.50791042250862
rs1609865,G,T,0.45552207174733,0.0837325965492685,5.3281e-08,0.000189957576141328,NDUFB7,7.27342763274154
rs1978626,G,C,0.485449855651523,0.0954069917950401,3.6186e-07,0.00107913669064748,NDUFB7,6.4414594211454
rs9543,G,C,0.408338489024691,0.083753151271601,1.0859e-06,0.00307522666013232,NDUFB7,5.96421016687224
rs7250334,T,C,0.406362664313255,0.0837325965492685,1.2161e-06,0.00344384634206019,NDUFB7,5.91503071152501
rs114726612,T,C,0.392353002340591,0.083750213955898,2.8051e-06,0.00753893703411915,NDUFB7,5.55205165181457
rs11670964,T,C,0.391900751185229,0.083750213955898,2.88e-06,0.00773239607320325,NDUFB7,5.54060751224077
rs7255156,A,G,0.385443027402806,0.0837355320116455,4.1645e-06,0.0111285360998854,NDUFB7,5.38043713357917
rs8106222,G,C,0.384237235741838,0.0837355320116455,4.4623e-06,0.0119380498975533,NDUFB7,5.3504412354944
rs56177646,G,A,0.384066825786181,0.083753151271601,4.5268e-06,0.0121339920472346,NDUFB7,5.34420869278443
rs11085903,C,T,0.3834115595991,0.0837325965492685,4.6765e-06,0.0125858123569794,NDUFB7,5.33007906131856
rs11673123,G,C,-0.384215016944888,0.0847427197214071,5.7877e-06,0.0153190467615103,NDUFB7,5.23749398821665
rs12151217,A,G,0.378407952129225,0.0837649036257277,6.2604e-06,0.0166216945493794,NDUFB7,5.20339791723
rs7256352,T,C,0.372361124471317,0.0837707816583391,8.7974e-06,0.0229680501642281,NDUFB7,5.05564566108783
rs7252869,T,C,0.372151473643672,0.083744340251507,8.8384e-06,0.0230994326664676,NDUFB7,5.05362634743748
rs11085909,G,A,-0.37059094374658,0.083753151271601,9.6442e-06,0.0251564828614009,NDUFB7,5.01573379186616
rs11085901,C,T,-0.370382416643555,0.083759026830293,9.7791e-06,0.0254678745976875,NDUFB7,5.00970111280129
rs11666622,G,T,-0.368339692220232,0.0837325965492685,1.0875e-05,0.0281523356144005,NDUFB7,4.96357073437333
rs3752185,G,A,-0.368034410297584,0.0837355320116455,1.1067e-05,0.0286351737267968,NDUFB7,4.95597009005353
rs73014710,G,A,-0.36794614901645,0.0837325965492685,1.1108e-05,0.0287311879126762,NDUFB7,4.95436412892178
rs11670658,T,C,-0.367276288244056,0.0837325965492684,1.1524e-05,0.0299173750222909,NDUFB7,4.93839675039162
rs4078372,T,G,0.366614800731317,0.0837325965492684,1.1955e-05,0.031024651024651,NDUFB7,4.92245041954821
rs78898028,A,G,0.366405469239944,0.0837325965492685,1.2099e-05,0.0313595058502108,NDUFB7,4.91725052327272
rs11085902,T,A,-0.366238050915299,0.0837766609285613,1.2334e-05,0.0318608241301508,NDUFB7,4.90889605590971
rs3850143,A,G,-0.364663831231719,0.0837325965492685,1.3295e-05,0.0341736860837585,NDUFB7,4.87631165833241
rs12982955,G,A,-0.364161435652423,0.0837325965492685,1.3664e-05,0.035130166637016,NDUFB7,4.86442214665507
rs4808971,T,C,-0.363514176443472,0.083759026830293,1.4235e-05,0.036510663507109,NDUFB7,4.84664252851703
rs11085908,T,G,-0.362076493998347,0.0837325965492685,1.5309e-05,0.0388307000414226,NDUFB7,4.81505317694811
rs7255012,G,T,-0.357521440746066,0.0837325965492685,1.9547e-05,0.0486040758628814,NDUFB7,4.70891988703647
