"source","target","pathway_name","prob","pval"
"C2","C2","CDH",0.00149370876608299,0.03
"C2","C2","EPHA",1.52084823290466e-05,0.02
"C2","C2","NRXN",1.29142379093872e-07,0
"C2","C3","CD39",8.75105536718749e-06,0
"C2","C3","CD46",0.00235009072368913,0.02
"C2","C3","CDH5",0.0112741910404849,0.04
"C2","C3","COLLAGEN",0.034084583701967,0.00875
"C2","C3","CXCL",0.000117336869186,0.02
"C2","C3","EPHA",0.00387107499709023,0.00142857142857143
"C2","C3","EPHB",0.00246135518983471,0.00666666666666667
"C2","C3","ESAM",0.0352214126674246,0
"C2","C3","FGF",1.61862519819728e-05,0
"C2","C3","FN1",0.00361075544108183,0
"C2","C3","GAS",0.00324203561118478,0
"C2","C3","JAM",0.000362222474412926,0.02
"C2","C3","LAMININ",0.0653436343000783,0.006875
"C2","C3","NPR1",0.0146505132318556,0
"C2","C3","NRXN",5.49188628735517e-08,0
"C2","C3","PDGF",0.00102048444016521,0.03
"C2","C3","PROS",0.00033268775864374,0.02
"C2","C3","PTPRM",0.00274677517191661,0.01
"C2","C3","SEMA6",0.000277650675549691,0.01
"C2","C3","TGFb",4.3318577552729e-05,0.0166666666666667
"C2","C3","VEGF",0.0115143952627548,0.00333333333333333
"C2","C3","ncWNT",0.000512213087914633,0
"C2","C4","COLLAGEN",0.00572069112398307,0.0233333333333333
"C2","C4","COMPLEMENT",5.60582499536802e-06,0.01
"C2","C4","CSF",3.20779112427434e-05,0
"C2","C4","CXCL",0.00256024337710315,0
"C2","C4","EPHA",0.000770037117220955,0
"C2","C4","GAS",0.00434462860147903,0
"C2","C4","ICAM",6.73666777818566e-06,0.01
"C2","C4","LAMININ",0.00430010488570491,0
"C2","C4","MHC-II",0.0109401913155958,0
"C2","C4","NEGR",3.76460607414963e-05,0
"C2","C4","NOTCH",0.000347411786877436,0.005
"C2","C4","NPR1",0.00209988339168559,0
"C2","C4","PDGF",0.00109877098599808,0
"C2","C4","PROS",0.000477642699347763,0
"C2","C4","PTN",0.00213005292979008,0
"C2","C5","AGRN",9.82662172090377e-05,0.04
"C2","C5","AGT",5.52902768443177e-05,0
"C2","C5","CADM",0.00011790146186072,0
"C2","C5","CD39",0.00012670938363946,0
"C2","C5","CD45",4.72286379484813e-06,0
"C2","C5","COLLAGEN",0.00166225486917738,0.025
"C2","C5","CSF",3.18500183690554e-05,0.01
"C2","C5","EPHA",0.00145213471362805,0.003125
"C2","C5","EPHB",0.000887412132200612,0
"C2","C5","FGF",5.11910967734315e-05,0.005
"C2","C5","FN1",0.000849733654977336,0.02
"C2","C5","GAS",0.000387555729287411,0
"C2","C5","HSPG",0.000575024423016989,0.01
"C2","C5","ICAM",6.15921544666837e-05,0.01
"C2","C5","IGF",0.000296738293622793,0.00666666666666667
"C2","C5","LAMININ",0.00644895531586021,0.00461538461538462
"C2","C5","NCAM",0.000120756594414955,0.005
"C2","C5","NPR1",0.00819335195368757,0.005
"C2","C5","NRXN",5.14537093718788e-05,0
"C2","C5","PDGF",0.000432541770046556,0.02
"C2","C5","PERIOSTIN",8.90440762518058e-05,0.01
"C2","C5","PROS",4.24571739818484e-05,0
"C2","C5","PTN",0.00276307229844199,0.02
"C2","C5","SEMA3",0.000176241356481586,0.01
"C2","C5","SEMA5",0.000103937545542912,0
"C2","C5","SEMA6",0.000309801739746512,0.0133333333333333
"C2","C5","TENASCIN",1.55090384329281e-05,0
"C2","C5","TGFb",0.000184492008011639,0.005
"C2","C5","THBS",0.000376141511683902,0.04
"C2","C5","VWF",0.002883991645172,0
"C2","C5","ncWNT",7.24643206068251e-05,0
"C2","C6","CDH",0.00680723386101284,0
"C2","C6","IGF",3.04948251032267e-05,0.03
"C2","C7","ANNEXIN",0.0570413480709876,0
"C2","C7","CDH",0.00517697358881597,0
"C2","C7","COLLAGEN",0.0288741623097349,0.00142857142857143
"C2","C7","COMPLEMENT",0.000456099225019782,0
"C2","C7","CXCL",0.00157723410526936,0
"C2","C7","FN1",0.00386731379579074,0
"C2","C7","ICAM",0.00426665885532493,0.00166666666666667
"C2","C7","IGF",6.60420418108223e-05,0
"C2","C7","IL1",9.39223312776697e-05,0.02
"C2","C7","JAM",0.000206453813336191,0
"C2","C7","LAMININ",0.0217606618853705,0.00285714285714286
"C2","C8","CD34",0.0403569094115779,0
"C2","C8","COLLAGEN",0.00642243642693877,0.0166666666666667
"C2","C8","EPHA",0.0104270698473631,0
"C2","C8","EPHB",0.00437409333392635,0
"C2","C8","IGF",0.000206608852706618,0
"C2","C8","JAM",0.000723562527877889,0.01
"C2","C8","LAMININ",0.0181837948982266,0.01375
"C2","C8","NPR1",0.023650744620265,0
"C2","C8","PECAM1",0.0414784787068485,0
"C2","C8","TGFb",0.000567474248224948,0.0133333333333333
"C2","C8","VCAM",0.00203648892479527,0
"C2","C8","ncWNT",0.000390673699984229,0.00333333333333333
"C3","C2","ANGPTL",0.000111604480660883,0
"C3","C2","APP",0.0457506066859431,0.02
"C3","C2","BMP",0.000122144852481414,0
"C3","C2","CALCR",0.000341843310649631,0.04
"C3","C2","CDH5",0.0112741910404849,0.04
"C3","C2","COLLAGEN",0.0100118986696589,0.012
"C3","C2","EDN",0.00126780476419777,0
"C3","C2","EPHB",0.0015456814456616,0.01
"C3","C2","ESAM",0.0352214126674246,0
"C3","C2","FGF",0.000842712790747584,0.005
"C3","C2","GALECTIN",9.56080338384415e-05,0
"C3","C2","JAM",0.00232803238715878,0.01
"C3","C2","LAMININ",0.00580340050124692,0.0130769230769231
"C3","C2","MK",0.00328710104433327,0.00666666666666667
"C3","C2","NOTCH",0.0118922039075696,0.00416666666666667
"C3","C2","PDGF",0.000684090994800595,0.04
"C3","C2","PTN",0.000842187380083585,0.03
"C3","C2","PTPRM",0.00274677517191661,0.01
"C3","C2","SEMA3",0.0001624236321896,0.01
"C3","C2","SEMA5",2.98602925384949e-06,0.02
"C3","C2","SEMA6",5.22287984799666e-05,0
"C3","C2","THBS",0.0183783481235459,0
"C3","C2","VEGF",0.00199825548993588,0
"C3","C3","ACTIVIN",3.01973494440113e-05,0.015
"C3","C3","AGRN",0.000141831600261484,0
"C3","C3","ANGPT",0.00203345965116543,0.00333333333333333
"C3","C3","ANGPTL",0.000829387044842184,0.0133333333333333
"C3","C3","APP",0.0670810878076304,0
"C3","C3","BMP",0.000229158262487172,0
"C3","C3","CALCR",0.00240308699312009,0
"C3","C3","CD39",3.50442810367105e-05,0
"C3","C3","CD46",0.0130154110853114,0
"C3","C3","CDH5",0.0584102601883818,0
"C3","C3","COLLAGEN",0.119430753532909,0.0048
"C3","C3","CXCL",0.000510324691116541,0.01
"C3","C3","EDN",0.0078838661918791,0
"C3","C3","EPHA",0.0169056822006123,0
"C3","C3","EPHB",0.0133317130328703,0
"C3","C3","ESAM",0.107013465345358,0
"C3","C3","FGF",0.0012419346148868,0
"C3","C3","FN1",0.0111899810841261,0.00666666666666667
"C3","C3","GALECTIN",0.000153906620845594,0
"C3","C3","GAS",0.00600121745762568,0
"C3","C3","GRN",0.00382814044718144,0
"C3","C3","HSPG",0.000443944880267869,0.02
"C3","C3","IL6",6.55126324263335e-05,0
"C3","C3","JAM",0.0260468647019989,0
"C3","C3","LAMININ",0.164230826040891,0.00232558139534884
"C3","C3","MK",0.00820053203678168,0.0075
"C3","C3","MPZ",0.000642354689102669,0
"C3","C3","NOTCH",0.0339344701899516,0
"C3","C3","NPR1",0.0066900725422174,0
"C3","C3","PDGF",0.00199976851766532,0.015
"C3","C3","PECAM1",0.0802163651689174,0
"C3","C3","PERIOSTIN",0.000420890646686421,0.005
"C3","C3","PROS",0.00094778326416528,0
"C3","C3","PTN",0.00110738181100962,0.02
"C3","C3","PTPRM",0.0151722961035869,0
"C3","C3","SEMA3",0.000228615416404767,0.0133333333333333
"C3","C3","SEMA6",0.000949254305829876,0
"C3","C3","TGFb",0.00116519368430523,0
"C3","C3","THBS",0.0391587863299389,0
"C3","C3","THY1",1.85831657144848e-05,0
"C3","C3","TRAIL",0.00270410937659347,0
"C3","C3","VEGF",0.0183612601315144,0
"C3","C3","VISFATIN",0.00255919875137204,0
"C3","C3","VWF",0.00196627591494922,0
"C3","C4","AGRN",0.000124435394706805,0
"C3","C4","ANGPT",0.000614543568418522,0
"C3","C4","ANGPTL",0.000262656614320123,0.02
"C3","C4","APP",0.0586992278827719,0
"C3","C4","CALCR",0.00127829863771332,0
"C3","C4","CD46",0.00437039408887892,0
"C3","C4","CDH5",0.019259102517815,0
"C3","C4","CHEMERIN",0.000222420569111705,0
"C3","C4","COLLAGEN",0.0655542577299792,0.00882352941176471
"C3","C4","COMPLEMENT",4.17980117406162e-06,0.01
"C3","C4","CSF",0.000201299312997696,0
"C3","C4","CXCL",0.0110447031798436,0
"C3","C4","EDN",0.00300064029338048,0
"C3","C4","EPHA",0.00528195756091222,0.02
"C3","C4","EPHB",0.00284983866304794,0.01
"C3","C4","ESAM",0.0441044299721641,0
"C3","C4","FGF",0.00178282845750809,0
"C3","C4","FN1",0.0106934983207203,0
"C3","C4","GALECTIN",0.000816939258148473,0
"C3","C4","GAS",0.00803190624919629,0
"C3","C4","ICAM",5.80579168808959e-05,0
"C3","C4","IL6",0.000168266468341374,0
"C3","C4","JAM",0.0116709430107196,0.00125
"C3","C4","LAMININ",0.0950130045698967,0.0059375
"C3","C4","MHC-II",0.0444962887690141,0
"C3","C4","MK",0.0113596512022253,0
"C3","C4","MPZ",0.000667080238112926,0
"C3","C4","NOTCH",0.0198740772110893,0.0025
"C3","C4","PDGF",0.0041110145553648,0.0075
"C3","C4","PECAM1",0.037180137984815,0
"C3","C4","PERIOSTIN",0.000554720035677439,0
"C3","C4","PROS",0.00136037594383313,0
"C3","C4","PTN",0.00679226818625334,0.00333333333333333
"C3","C4","PTPRM",0.00480279258603258,0
"C3","C4","SEMA3",0.000242126213539036,0
"C3","C4","SEMA5",4.64613698290496e-06,0
"C3","C4","SEMA6",0.00034640322652195,0.015
"C3","C4","TGFb",0.000410115112256687,0
"C3","C4","THBS",0.0224519387866042,0
"C3","C4","THY1",7.40437970485854e-06,0
"C3","C4","TRAIL",0.000801457556250866,0
"C3","C4","TWEAK",3.57822708130421e-05,0
"C3","C4","VEGF",0.00179118967477448,0
"C3","C5","ACTIVIN",0.000270389008292995,0
"C3","C5","AGRN",0.000266605555008664,0
"C3","C5","AGT",0.000457854866290983,0
"C3","C5","BMP",0.0012651656242056,0.00555555555555556
"C3","C5","CADM",5.24862361221722e-05,0
"C3","C5","CALCR",0.000153825111250276,0
"C3","C5","CD39",0.000507237795865624,0
"C3","C5","CD45",4.80276599544465e-06,0
"C3","C5","CHEMERIN",0.000377710260773003,0
"C3","C5","COLLAGEN",0.00532552288372448,0.00333333333333333
"C3","C5","CSF",0.000199869451480831,0
"C3","C5","DESMOSOME",4.04365104606858e-08,0
"C3","C5","EPHA",0.0119852576928996,0.001
"C3","C5","EPHB",0.00579619304679117,0.00125
"C3","C5","FGF",0.000193550723510245,0.005
"C3","C5","FN1",0.00170294277102351,0
"C3","C5","GALECTIN",0.000470452555214744,0
"C3","C5","GAS",0.000718898359944898,0
"C3","C5","GDF",1.03197550646164e-05,0.0233333333333333
"C3","C5","HSPG",0.000834276125733199,0
"C3","C5","ICAM",0.000530612667295542,0
"C3","C5","IGF",0.000276606370860792,0.002
"C3","C5","IL6",0.0001483935033203,0
"C3","C5","JAM",0.00223622582690992,0
"C3","C5","LAMININ",0.0229350534857793,0.00730769230769231
"C3","C5","MK",0.00687991968454907,0
"C3","C5","NCAM",8.9868021742546e-07,0.01
"C3","C5","NOTCH",0.0230259964684035,0.001875
"C3","C5","NRXN",7.27932548206398e-06,0
"C3","C5","PDGF",0.00220300353294566,0.00333333333333333
"C3","C5","PERIOSTIN",0.000223102394170257,0
"C3","C5","PROS",0.000121019813586825,0
"C3","C5","PTN",0.00596854995266084,0
"C3","C5","SEMA3",0.00112996269710902,0
"C3","C5","SEMA5",0.0003761873518475,0
"C3","C5","SEMA6",0.00166007227274008,0.00166666666666667
"C3","C5","TENASCIN",1.66837942587911e-05,0.025
"C3","C5","TGFb",0.000500562769911741,0
"C3","C5","THBS",0.00110068132634519,0
"C3","C5","THY1",5.25580849289576e-05,0
"C3","C5","VEGF",0.000986824553974456,0
"C3","C5","VWF",0.00554141318042112,0
"C3","C5","ncWNT",1.57495385507224e-05,0.0075
"C3","C6","AGRN",0.000207140680232317,0
"C3","C6","FGF",0.00012477354930463,0.02
"C3","C6","GALECTIN",0.000146999309417264,0.005
"C3","C6","HSPG",0.000648277615870366,0.02
"C3","C6","IGF",6.92671833628173e-05,0.02
"C3","C6","IL6",0.000112220260261601,0
"C3","C6","JAM",0.00153919903155316,0.01
"C3","C6","LAMININ",0.0163926777509682,0.008
"C3","C6","MK",0.00103935320289035,0
"C3","C6","VEGF",0.000564599439082259,0.01
"C3","C7","ANGPTL",0.000164045927336527,0
"C3","C7","ANNEXIN",0.118339366907082,0
"C3","C7","COLLAGEN",0.0654882087210032,0
"C3","C7","COMPLEMENT",0.000340088676911405,0
"C3","C7","CXCL",0.013608648400155,0
"C3","C7","FGF",0.000144682384655136,0.01
"C3","C7","FN1",0.00772396768650773,0
"C3","C7","GALECTIN",0.0029050079684985,0
"C3","C7","ICAM",0.0255408682347651,0
"C3","C7","IGF",8.34779132973667e-05,0.005
"C3","C7","IL1",0.000465705203139623,0
"C3","C7","IL6",9.94399129511369e-05,0
"C3","C7","JAM",0.00276396106459701,0.0133333333333333
"C3","C7","LAMININ",0.0677348904663971,0
"C3","C7","MK",0.00217782727465001,0.015
"C3","C7","NOTCH",0.000623909224261191,0.0125
"C3","C7","SEMA5",4.01698134802418e-06,0.01
"C3","C7","THBS",0.017680716197884,0.02
"C3","C7","THY1",0.000385790306829109,0
"C3","C7","VEGF",0.000346019081248698,0.04
"C3","C8","ANGPT",0.00254205613065426,0
"C3","C8","ANGPTL",0.000731028274070842,0.00333333333333333
"C3","C8","APP",0.0842719291754554,0
"C3","C8","BMP",0.000266177054560492,0
"C3","C8","CALCR",0.00399377721644415,0
"C3","C8","CD34",0.0909559095271828,0
"C3","C8","CD46",0.00837455521846357,0
"C3","C8","CDH5",0.0536391086485585,0
"C3","C8","COLLAGEN",0.0521949992619651,0.01
"C3","C8","EDN",0.00264314922840122,0
"C3","C8","EPHA",0.0439631483715465,0.005
"C3","C8","EPHB",0.0224550085357551,0
"C3","C8","ESAM",0.0961180160860654,0
"C3","C8","FGF",0.00120726071964386,0.005
"C3","C8","FN1",0.0100547326173239,0
"C3","C8","IGF",0.000149844407026173,0
"C3","C8","JAM",0.0385729230062972,0
"C3","C8","LAMININ",0.0811564291345661,0.00769230769230769
"C3","C8","MK",0.00379618821788833,0
"C3","C8","NOTCH",0.0039487113521294,0
"C3","C8","NPR1",0.0108225339952232,0.01
"C3","C8","PECAM1",0.112213705872428,0
"C3","C8","PTPRM",0.0192118164472788,0
"C3","C8","SEMA3",0.000367275795696987,0.0125
"C3","C8","SEMA5",1.09539218327065e-06,0.04
"C3","C8","SEMA6",0.000482768819676929,0.015
"C3","C8","TGFb",0.002405801446118,0
"C3","C8","THBS",0.0294352052886377,0
"C3","C8","TRAIL",0.00719522346799117,0
"C3","C8","TWEAK",0.00208836032845113,0
"C3","C8","VCAM",0.00542167101269241,0
"C3","C8","VEGF",0.0123951086891552,0.00857142857142857
"C3","C8","VISFATIN",0.000954049532130833,0
"C3","C8","ncWNT",2.3164897249476e-06,0.02
"C4","C2","ANGPTL",0.000453832888053092,0
"C4","C2","BMP",0.000469644884682747,0.014
"C4","C2","COLLAGEN",0.0904235467216245,0.00473684210526316
"C4","C2","FN1",0.0084188878154337,0
"C4","C2","GRN",0.00315248695436264,0.02
"C4","C2","ITGB2",0.000476463733554912,0.005
"C4","C2","LAMININ",0.0640349320586596,0.00315789473684211
"C4","C2","MK",0.0023346904404772,0.02
"C4","C2","NEGR",3.76460607414963e-05,0
"C4","C2","PDGF",0.000380611029158303,0
"C4","C2","PTN",0.00619949782535576,0
"C4","C2","SEMA3",0.000972677486696446,0
"C4","C2","TENASCIN",5.73023638278359e-05,0
"C4","C2","THBS",0.0880121868978284,0.00333333333333333
"C4","C2","VEGF",0.0115587078300479,0
"C4","C3","ACTIVIN",1.77783517277531e-05,0
"C4","C3","ANGPT",0.000411986118942276,0.02
"C4","C3","ANGPTL",0.00274519071914908,0
"C4","C3","APP",0.0673926302587928,0
"C4","C3","BMP",9.64348839531528e-05,0.00666666666666667
"C4","C3","CALCR",0.0013492270895549,0
"C4","C3","CD39",1.09109048132226e-05,0
"C4","C3","CD46",0.0070120311985113,0
"C4","C3","CDH5",0.019259102517815,0
"C4","C3","COLLAGEN",0.286284162918612,0.000232558139534884
"C4","C3","CXCL",0.000427454390245198,0.02
"C4","C3","EPHA",0.00488193945913857,0.005
"C4","C3","EPHB",0.00289371637991066,0
"C4","C3","ESAM",0.0441044299721641,0
"C4","C3","FGF",1.3065274040223e-05,0
"C4","C3","FN1",0.0324048303767712,0.0025
"C4","C3","GAS",0.00387272601753234,0
"C4","C3","GRN",0.0063506027037269,0
"C4","C3","HGF",1.0888045883176e-06,0.01
"C4","C3","HSPG",0.00050585773745907,0
"C4","C3","IGF",0.000130222543952581,0
"C4","C3","ITGB2",0.00280341539718788,0
"C4","C3","JAM",0.00702801905464726,0.00142857142857143
"C4","C3","LAMININ",0.26264881814794,0.00282608695652174
"C4","C3","MK",0.00664599215377175,0.015
"C4","C3","MPZ",0.000667080238112926,0
"C4","C3","NOTCH",0.00721650790172521,0.005
"C4","C3","NPR1",0.00712520148137613,0
"C4","C3","PDGF",0.000878869308989472,0
"C4","C3","PECAM1",0.037180137984815,0
"C4","C3","PERIOSTIN",0.000621575753253326,0
"C4","C3","PROS",0.00132092490125909,0
"C4","C3","PTN",0.00965384472492176,0
"C4","C3","PTPRM",0.00480279258603258,0
"C4","C3","SEMA3",0.00233050854094434,0.00142857142857143
"C4","C3","TENASCIN",0.0001766169217688,0
"C4","C3","TGFb",0.00082577594127144,0.00666666666666667
"C4","C3","THBS",0.184639315060131,0
"C4","C3","THY1",7.08305926161121e-06,0
"C4","C3","TRAIL",0.00119256968201036,0
"C4","C3","VEGF",0.0418117733242625,0
"C4","C3","VISFATIN",0.00358207323438609,0
"C4","C3","VWF",0.00129377762467042,0.03
"C4","C4","ACTIVIN",8.24070496944394e-06,0.005
"C4","C4","ANGPTL",0.00162770963413636,0
"C4","C4","APP",0.0589743035431874,0
"C4","C4","CALCR",0.000717353461750559,0.01
"C4","C4","CHEMERIN",0.000411645477662701,0
"C4","C4","COLLAGEN",0.191022333257003,0
"C4","C4","COMPLEMENT",0.000233425737993879,0
"C4","C4","CSF",7.39942818207246e-05,0
"C4","C4","CXCL",0.009267043287391,0
"C4","C4","EPHA",0.000941674825440053,0
"C4","C4","FN1",0.0295011165393691,0
"C4","C4","GALECTIN",0.000139699168151195,0.01
"C4","C4","GAS",0.00518829442128798,0
"C4","C4","GRN",0.00339227722451793,0.02
"C4","C4","HSPG",0.000443832109013015,0.03
"C4","C4","ICAM",1.76341641766614e-05,0
"C4","C4","IL16",0.000154404747722523,0
"C4","C4","ITGB2",0.00101472431115269,0.005
"C4","C4","LAMININ",0.145369162952904,0.00428571428571429
"C4","C4","MHC-II",0.0346373902823138,0
"C4","C4","MK",0.00980087632400087,0.0025
"C4","C4","MPZ",0.000692756864453462,0
"C4","C4","NEGR",0.000502071640326432,0
"C4","C4","NOTCH",0.000830213374052082,0.0025
"C4","C4","PDGF",0.00183323995714266,0
"C4","C4","PERIOSTIN",0.000819114034557572,0
"C4","C4","PROS",0.00189564682673184,0
"C4","C4","PTN",0.0379679792533797,0
"C4","C4","SEMA3",0.00144389088359423,0
"C4","C4","TENASCIN",6.4162888475788e-05,0.01
"C4","C4","THBS",0.107068693278197,0.0025
"C4","C4","THY1",2.82219392705151e-06,0
"C4","C4","TWEAK",2.74020981797861e-05,0
"C4","C4","VEGF",0.0107193018556648,0
"C4","C4","VISFATIN",0.000928338684368827,0.02
"C4","C5","ACTIVIN",5.48641779524696e-05,0
"C4","C5","AGT",0.000271125110804304,0
"C4","C5","BMP",0.00425313721370204,0
"C4","C5","CADM",0.00014152927697269,0
"C4","C5","CALCR",8.62806859460535e-05,0
"C4","C5","CD39",0.000157977948610569,0
"C4","C5","CD45",4.08464163745542e-05,0
"C4","C5","CHEMERIN",0.000698955938161164,0
"C4","C5","CLDN",1.37126514475149e-05,0
"C4","C5","COLLAGEN",0.0251544205089659,0
"C4","C5","CSF",7.34686220430126e-05,0.01
"C4","C5","EPHA",0.00227874312088308,0.01
"C4","C5","EPHB",0.00095739809694485,0.00166666666666667
"C4","C5","FGF",4.13212169092518e-05,0.0075
"C4","C5","FN1",0.00704465562984903,0.00333333333333333
"C4","C5","GALECTIN",4.9164619266715e-05,0
"C4","C5","GAS",0.000463171062979434,0
"C4","C5","GRN",0.00309863384982764,0.03
"C4","C5","HGF",6.29794881201021e-06,0
"C4","C5","HSPG",0.000950573077622194,0
"C4","C5","ICAM",0.000161213087080601,0
"C4","C5","IGF",0.000929213414882052,0.00666666666666667
"C4","C5","ITGB2",6.80022832256552e-05,0
"C4","C5","JAM",0.000303041645612727,0
"C4","C5","LAMININ",0.0423402209192276,0.00222222222222222
"C4","C5","MK",0.00593612787274644,0
"C4","C5","NCAM",0.000170363925035855,0
"C4","C5","NOTCH",0.00286481119966054,0.0233333333333333
"C4","C5","PDGF",0.00102072015602322,0.015
"C4","C5","PERIOSTIN",0.000329490906216866,0
"C4","C5","PROS",0.000168720203128693,0
"C4","C5","PTN",0.0381795604983025,0
"C4","C5","SEMA3",0.00220954572852107,0.00208333333333333
"C4","C5","SEMA5",0.000160200514578036,0
"C4","C5","SEMA6",0.000292300692672888,0
"C4","C5","SN",9.21776483096298e-06,0
"C4","C5","TENASCIN",6.66285408628272e-05,0
"C4","C5","TGFb",0.000386837041233963,0
"C4","C5","THBS",0.015891246865224,0.008
"C4","C5","THY1",2.0033177519942e-05,0
"C4","C5","VWF",0.00365063251769208,0
"C4","C5","ncWNT",4.9090764217908e-06,0.00666666666666667
"C4","C6","CDH",0.00362895805183562,0
"C4","C6","COLLAGEN",0.00038344464378367,0.04
"C4","C6","FN1",0.00330913766582361,0.02
"C4","C6","HSPG",0.000738665797723972,0.01
"C4","C6","IGF",0.000114803217578287,0
"C4","C6","ITGB2",6.84778151337222e-05,0
"C4","C6","LAMININ",0.0415656617197007,0.0109090909090909
"C4","C6","MK",0.000896444696430822,0
"C4","C6","NCAM",0.000118814551943756,0.02
"C4","C6","NEGR",0.000110398925580115,0
"C4","C6","THBS",0.0646583618182461,0.00857142857142857
"C4","C7","ANGPTL",0.00103786636115271,0.0075
"C4","C7","ANNEXIN",0.140737934832479,0
"C4","C7","CDH",0.00275774762513291,0.01
"C4","C7","COLLAGEN",0.1635819427759,0.00125
"C4","C7","COMPLEMENT",0.018875622354927,0
"C4","C7","CXCL",0.0115808746142493,0
"C4","C7","FN1",0.0256504217064377,0.01
"C4","C7","GALECTIN",0.000497170762884732,0
"C4","C7","GRN",0.00385711233246213,0.02
"C4","C7","ICAM",0.00918213860257021,0
"C4","C7","IGF",0.000156245674587288,0
"C4","C7","IL1",0.000686437505076079,0
"C4","C7","ITGB2",8.27041087659505e-05,0
"C4","C7","JAM",0.000889625979199876,0
"C4","C7","LAMININ",0.114440303166544,0.00352941176470588
"C4","C7","MK",0.000761766342733626,0.03
"C4","C7","SEMA3",8.91552312744224e-05,0.01
"C4","C7","THBS",0.0845819350386262,0.00375
"C4","C7","THY1",0.000147062502885024,0
"C4","C8","ACTIVIN",1.23065605349856e-06,0.01
"C4","C8","ANGPT",0.000671821516893453,0.01
"C4","C8","ANGPTL",0.00216511037565099,0
"C4","C8","APP",0.084656065641648,0
"C4","C8","BMP",0.000112022069536591,0.01
"C4","C8","CALCR",0.00224389840179216,0
"C4","C8","CD34",0.0849989966902675,0
"C4","C8","CD46",0.00450201366956648,0.02
"C4","C8","CDH5",0.0176260876034445,0.04
"C4","C8","CLDN",8.63141830190449e-05,0
"C4","C8","COLLAGEN",0.173373155870801,0.000588235294117647
"C4","C8","EPHA",0.0131510262801535,0
"C4","C8","EPHB",0.00542214301870119,0.0133333333333333
"C4","C8","ESAM",0.0393318789806967,0.02
"C4","C8","FN1",0.0276601500043778,0
"C4","C8","HGF",4.01200217507843e-05,0
"C4","C8","IGF",0.00073263927884889,0
"C4","C8","IL1",0.000117185805912404,0.04
"C4","C8","ITGB2",0.00161768812612787,0
"C4","C8","JAM",0.0108493895565628,0.01
"C4","C8","LAMININ",0.14183332573725,0.00535714285714286
"C4","C8","MK",0.00327546456725888,0
"C4","C8","NPR1",0.0115250930996334,0.02
"C4","C8","PECAM1",0.0530000270766028,0
"C4","C8","PERIOSTIN",0.00032991061747799,0.04
"C4","C8","PTN",0.00280392921529299,0
"C4","C8","PTPRM",0.00609859981648367,0
"C4","C8","SEMA3",0.00230192982488072,0.000714285714285714
"C4","C8","TENASCIN",0.00012822430786398,0
"C4","C8","TGFb",0.00236971020302035,0.0025
"C4","C8","THBS",0.1399791951178,0.0025
"C4","C8","TRAIL",0.00318125440134227,0.01
"C4","C8","TWEAK",0.00160003757779626,0
"C4","C8","VCAM",0.00227976729046516,0
"C4","C8","VEGF",0.0295194518119408,0.01
"C4","C8","VISFATIN",0.00133555411437892,0
"C4","C8","ncWNT",1.62212518036232e-06,0.03
"C5","C2","ACTIVIN",1.86817445243451e-05,0
"C5","C2","AGRN",0.000132132661840505,0.03
"C5","C2","ANGPT",0.000544989962506824,0
"C5","C2","BMP",0.000240533939718507,0
"C5","C2","CADM",0.00011790146186072,0
"C5","C2","CD22",4.72286379484813e-06,0
"C5","C2","CD96",3.54615719213695e-05,0
"C5","C2","COLLAGEN",0.00261314087916038,0.00217391304347826
"C5","C2","EDN",0.000246061295232113,0
"C5","C2","EGF",0.0104590405494477,0
"C5","C2","EPHA",0.000337651879549115,0
"C5","C2","EPHB",0.000229726180805114,0
"C5","C2","FGF",0.000757296873263545,0
"C5","C2","IGF",5.09216253607732e-05,0
"C5","C2","LAMININ",0.00865360925551598,0.00142857142857143
"C5","C2","LIFR",0.000587176847445681,0
"C5","C2","NCAM",0.00126079923128405,0
"C5","C2","NOTCH",0.001154295822076,0.04
"C5","C2","NRG",0.000120121065534793,0
"C5","C2","NRXN",7.43235176562051e-05,0
"C5","C2","PACAP",2.31697190553108e-05,0
"C5","C2","PARs",7.86343262161106e-05,0
"C5","C2","PDGF",0.00135057932729202,0.00666666666666667
"C5","C2","SEMA3",0.00253120319435915,0.000714285714285714
"C5","C2","SEMA4",0.000299737194538953,0
"C5","C2","SEMA5",4.09762900358672e-05,0.01
"C5","C2","SEMA6",0.000534792775166731,0.01
"C5","C2","SEMA7",0.000588507089965195,0
"C5","C2","TENASCIN",0.000950327071224801,0
"C5","C2","THBS",0.000693728433440846,0.03
"C5","C2","WNT",0.000390161738357539,0
"C5","C2","ncWNT",0.00270684982206509,0
"C5","C3","ACTIVIN",0.000202876492120788,0
"C5","C3","AGRN",0.000310426720264256,0
"C5","C3","ANGPT",0.00431341571627913,0.00333333333333333
"C5","C3","BMP",0.000523748575747239,0
"C5","C3","BTLA",0.000279893865470661,0
"C5","C3","CADM",5.24862361221722e-05,0
"C5","C3","CD22",4.80276599544465e-06,0
"C5","C3","CD39",7.33797671831647e-06,0
"C5","C3","CD96",5.02958773546946e-05,0
"C5","C3","COLLAGEN",0.0145029451626395,0.00387096774193548
"C5","C3","CXCL",8.90960433003612e-05,0.03
"C5","C3","EDN",0.0015378463725598,0
"C5","C3","EGF",0.00742328677705309,0
"C5","C3","EPHA",0.00460752839398896,0
"C5","C3","EPHB",0.00596309401112737,0
"C5","C3","FGF",0.00112508171863418,0
"C5","C3","GAS",4.22208253113919e-05,0
"C5","C3","GDF",0.000113494385913119,0
"C5","C3","HGF",5.13886274191308e-06,0
"C5","C3","HSPG",0.000741134383647067,0
"C5","C3","IGF",0.000262106709134364,0
"C5","C3","JAM",0.00223622582690992,0
"C5","C3","LAMININ",0.0418492203066494,0.00204081632653061
"C5","C3","LIFR",0.00229922121870782,0
"C5","C3","NCAM",0.00160175229472131,0
"C5","C3","NOTCH",0.00895976491149192,0.00333333333333333
"C5","C3","NRG",0.00020756583031747,0
"C5","C3","NRXN",3.16072855125685e-05,0
"C5","C3","PARs",0.000307132022611421,0
"C5","C3","PDGF",0.00388520234082233,0.01
"C5","C3","SELL",0.0054749396667481,0.005
"C5","C3","SEMA3",0.00597471686197544,0.00214285714285714
"C5","C3","SEMA4",0.0007740928034506,0
"C5","C3","SEMA5",7.31883487098409e-06,0.03
"C5","C3","SEMA6",0.00141711473848333,0
"C5","C3","SEMA7",0.00187211171295542,0
"C5","C3","TENASCIN",0.00292836116986648,0
"C5","C3","TGFb",0.0025085393806149,0.00333333333333333
"C5","C3","THBS",0.00182795671597676,0.014
"C5","C3","THY1",5.36689568529397e-05,0
"C5","C3","TRAIL",0.000977604026622426,0.01
"C5","C3","WNT",0.00138056450193188,0
"C5","C3","ncWNT",0.0144909900277857,0
"C5","C4","ACTIVIN",0.000104978664406582,0.00333333333333333
"C5","C4","AGRN",0.000272357290664408,0
"C5","C4","ANGPT",0.00042847982191478,0
"C5","C4","BTLA",0.00031833492951457,0
"C5","C4","CADM",0.00014152927697269,0
"C5","C4","CD22",4.08464163745542e-05,0
"C5","C4","CD96",1.96570791140167e-05,0
"C5","C4","CLDN",1.37126514475149e-05,0
"C5","C4","COLLAGEN",0.00688847143006004,0.00185185185185185
"C5","C4","COMPLEMENT",5.46944744802849e-05,0
"C5","C4","CSF",0.000118058166449133,0
"C5","C4","CXCL",0.00194518372404006,0
"C5","C4","EDN",0.000583051323546266,0
"C5","C4","EGF",0.0102027442435664,0
"C5","C4","EPHA",0.00142423125694398,0
"C5","C4","EPHB",0.000378503511997258,0
"C5","C4","FGF",0.00160247669579204,0
"C5","C4","GDF",0.000135402040191057,0.00333333333333333
"C5","C4","HSPG",0.000650279133127281,0.01
"C5","C4","ICAM",1.9997466472372e-05,0
"C5","C4","IGF",5.75989382550724e-05,0
"C5","C4","IL16",0.00022814689293254,0
"C5","C4","JAM",0.000303041645612727,0
"C5","C4","LAMININ",0.0183131003784111,0.00151515151515152
"C5","C4","LIFR",0.00123268102969313,0
"C5","C4","MHC-II",0.000170525420861599,0.02
"C5","C4","NCAM",0.00258311227094616,0
"C5","C4","NOTCH",0.00302279128984271,0.0075
"C5","C4","PACAP",2.22847221096071e-05,0
"C5","C4","PARs",0.000523190133885034,0
"C5","C4","PDGF",0.00788898290760969,0.00666666666666667
"C5","C4","SELL",0.00418086659534442,0.02
"C5","C4","SEMA3",0.00343777961674627,0.00272727272727273
"C5","C4","SEMA4",0.000406174944482812,0
"C5","C4","SEMA5",6.37567694600208e-05,0
"C5","C4","SEMA6",0.000630129728267983,0.00333333333333333
"C5","C4","SEMA7",0.00099928275459779,0
"C5","C4","TENASCIN",0.0010640817792526,0
"C5","C4","TGFb",0.00113694854191878,0
"C5","C4","THBS",0.000845967443734324,0.015
"C5","C4","THY1",2.13846084440996e-05,0
"C5","C4","WNT",0.000527294075701221,0
"C5","C4","ncWNT",0.00583856652989,0
"C5","C5","ACTIVIN",0.000597595916812357,0
"C5","C5","AGRN",0.000583432837925852,0
"C5","C5","BMP",0.00214866572386943,0
"C5","C5","BTLA",0.000111021235584629,0
"C5","C5","CADM",0.00201864490369039,0
"C5","C5","CCL",0.000637115328275991,0
"C5","C5","CD22",5.73569535012265e-05,0
"C5","C5","CD39",0.000106250981014294,0
"C5","C5","CD45",5.73569535012265e-05,0
"C5","C5","CD96",7.15195135510973e-05,0
"C5","C5","CDH",0.00108803628739449,0
"C5","C5","CLDN",7.31035984251643e-05,0.01
"C5","C5","CNTN",0.000189295928004439,0
"C5","C5","COLLAGEN",0.00110852422586225,0.0025
"C5","C5","CSF",0.000117219510911234,0
"C5","C5","DESMOSOME",6.96595714825191e-06,0
"C5","C5","EDN",7.44387635268016e-05,0
"C5","C5","EGF",0.0253129036056207,0
"C5","C5","EPHA",0.00367363678958685,0.001875
"C5","C5","EPHB",0.00243084523899168,0
"C5","C5","FGF",0.000450017488437678,0.00285714285714286
"C5","C5","GAS",7.70646199754245e-05,0
"C5","C5","GDF",0.000395230143130118,0
"C5","C5","GDNF",7.57172620668299e-05,0
"C5","C5","HGF",2.97240365709905e-05,0
"C5","C5","HSPG",0.00139240062500983,0
"C5","C5","ICAM",0.000182815424126592,0
"C5","C5","IGF",0.0016344586912581,0
"C5","C5","LAMININ",0.00647230164290601,0.000909090909090909
"C5","C5","LIFR",0.000350748577648485,0
"C5","C5","NCAM",0.00108776714174969,0
"C5","C5","NOTCH",0.00383633323716997,0.006
"C5","C5","NRG",0.00527221072361104,0
"C5","C5","NRXN",0.00342796216325985,0
"C5","C5","PACAP",0.000839733539384582,0
"C5","C5","PARs",0.000289413617525769,0
"C5","C5","PDGF",0.00422189435236389,0.002
"C5","C5","SELPLG",9.61984884035628e-05,0
"C5","C5","SEMA3",0.00680229720576207,0.000952380952380952
"C5","C5","SEMA4",0.00139407250259352,0
"C5","C5","SEMA5",0.00116015502633162,0
"C5","C5","SEMA6",0.00315097490867447,0.0025
"C5","C5","SEMA7",2.49772432348054e-05,0
"C5","C5","SN",0.000414875156619637,0
"C5","C5","TENASCIN",0.00110496367588653,0
"C5","C5","TGFb",0.00174230133428212,0
"C5","C5","THBS",0.000181317705678155,0.0133333333333333
"C5","C5","THY1",0.000151780202829444,0
"C5","C5","WNT",0.00240265178602367,0
"C5","C5","ncWNT",0.00399628507769171,0
"C5","C6","AGRN",0.000453333457499866,0
"C5","C6","CADM",0.000245765431259245,0
"C5","C6","CD22",1.87545702266572e-05,0
"C5","C6","CD96",0.000374815089663684,0
"C5","C6","CDH",0.00413811562129718,0
"C5","C6","COLLAGEN",7.89468787153022e-05,0.00333333333333333
"C5","C6","DESMOSOME",7.03021016088381e-05,0
"C5","C6","EDN",2.24239589053068e-05,0
"C5","C6","EGF",0.000131685611355195,0.015
"C5","C6","FGF",0.000586769877933865,0
"C5","C6","HSPG",0.00108210526127547,0
"C5","C6","IGF",0.000231066302673157,0
"C5","C6","LAMININ",0.00608426853219088,0.00157894736842105
"C5","C6","LIFR",0.000166253014419439,0
"C5","C6","NCAM",0.00164492812866852,0.015
"C5","C6","PARs",0.000206875258839183,0
"C5","C6","SEMA4",3.23771126096035e-05,0
"C5","C6","THBS",0.00052292304156916,0.035
"C5","C6","ncWNT",0.00192002238547343,0
"C5","C7","AGRN",0.000166220107756075,0.02
"C5","C7","ANGPTL",0.000123655087691405,0
"C5","C7","BTLA",8.92247401337011e-05,0
"C5","C7","CADM",0.000378292692637478,0
"C5","C7","CD22",0.000241574523007621,0
"C5","C7","CD96",0.000242047751117334,0
"C5","C7","CDH",0.00314505666370006,0.03
"C5","C7","COLLAGEN",0.0128983568420764,0.00230769230769231
"C5","C7","COMPLEMENT",0.00427879356838268,0
"C5","C7","CXCL",0.000715083593784605,0
"C5","C7","DESMOSOME",9.23038417005265e-05,0
"C5","C7","EDN",6.74682678517434e-05,0
"C5","C7","EGF",0.000102522732192527,0.015
"C5","C7","FGF",0.000680375889084137,0
"C5","C7","FN1",0.00387289064707497,0
"C5","C7","ICAM",0.00125453120909401,0.0025
"C5","C7","IGF",0.000314502684837638,0
"C5","C7","IL1",0.000180635178708332,0.02
"C5","C7","JAM",0.000438881695984677,0
"C5","C7","LAMININ",0.0251017749182529,0.00233333333333333
"C5","C7","LIFR",0.000101671276883718,0
"C5","C7","NCAM",0.00150104102529959,0.01
"C5","C7","PARs",0.000188219703021811,0
"C5","C7","SELPLG",0.00225309870458702,0
"C5","C7","SEMA3",0.000364904973895849,0
"C5","C7","SEMA4",5.33587037616923e-05,0
"C5","C7","SEMA5",3.05407938629345e-05,0
"C5","C7","SEMA6",4.62897837429846e-05,0
"C5","C7","SEMA7",0.000147615522131592,0
"C5","C7","TENASCIN",0.000929291865357282,0
"C5","C7","THBS",0.00066356497598156,0.02
"C5","C7","THY1",0.00111379147349812,0
"C5","C7","WNT",4.11163884717326e-05,0
"C5","C7","ncWNT",0.00148746385565988,0
"C5","C8","ACTIVIN",2.73321908341942e-06,0
"C5","C8","AGRN",0.000200845988696783,0.01
"C5","C8","ANGPT",0.00570856149095029,0
"C5","C8","ANGPTL",0.00034512288778655,0
"C5","C8","BMP",0.000614355312213766,0
"C5","C8","BTLA",0.00031007609184944,0
"C5","C8","CADM",1.79616980448198e-06,0
"C5","C8","CD34",0.0176680296052575,0
"C5","C8","CD96",8.54504328420802e-05,0
"C5","C8","CLDN",0.000460005410735238,0
"C5","C8","COLLAGEN",0.00742230239816154,0.00307692307692308
"C5","C8","DESMOSOME",2.41567104776999e-05,0
"C5","C8","EDN",0.000513592956350524,0
"C5","C8","EGF",0.00358650292169788,0
"C5","C8","EPHA",0.0120812795421342,0
"C5","C8","EPHB",0.00835604206217906,0
"C5","C8","FGF",0.001093814704005,0.005
"C5","C8","GDF",2.42474186105124e-05,0.01
"C5","C8","HGF",0.000189328147963092,0
"C5","C8","IGF",0.00131316510460053,0
"C5","C8","JAM",0.0033854644779199,0
"C5","C8","LAMININ",0.0236170855890681,0.00551020408163265
"C5","C8","LIFR",0.00472057964651089,0
"C5","C8","NCAM",0.00163771104043948,0
"C5","C8","NOTCH",0.00103927279877408,0.02
"C5","C8","PARs",0.000327397912626246,0
"C5","C8","SELL",0.00576814220709258,0.015
"C5","C8","SELPLG",0.00387592115009791,0.00333333333333333
"C5","C8","SEMA3",0.00505460575441934,0.006
"C5","C8","SEMA4",0.000571643250028926,0.00333333333333333
"C5","C8","SEMA5",8.32834144589289e-06,0.01
"C5","C8","SEMA6",0.000758628581495514,0.02
"C5","C8","SEMA7",0.000614977025884929,0
"C5","C8","TENASCIN",0.00212604821655019,0
"C5","C8","TGFb",0.00600394411346113,0.00166666666666667
"C5","C8","THBS",0.00154712516686677,0.02
"C5","C8","TRAIL",0.00260875631124385,0.01
"C5","C8","WNT",0.00206642006901356,0
"C5","C8","ncWNT",0.0139169206590513,0
"C6","C2","ANGPT",0.000308663020621942,0.02
"C6","C2","CDH",0.00680723386101284,0
"C6","C2","NCAM",0.000820926887675747,0.01
"C6","C2","THBS",0.0365236154802034,0
"C6","C2","VISFATIN",0.0023689759522537,0
"C6","C3","ACTIVIN",4.80461952350847e-05,0.015
"C6","C3","ANGPT",0.00322652104324714,0
"C6","C3","APP",0.0571294431432732,0
"C6","C3","CXCL",5.76991800437062e-05,0.03
"C6","C3","EPHA",0.000264506778167857,0
"C6","C3","FGF",2.55928279158019e-05,0
"C6","C3","GAS",0.00385999488646254,0
"C6","C3","LAMININ",0.0170615949440107,0.0114285714285714
"C6","C3","NCAM",0.00115009774259592,0
"C6","C3","SEMA3",0.000399486493416703,0.03
"C6","C3","TGFb",0.000638397040657216,0.015
"C6","C3","THBS",0.0768369866338138,0
"C6","C3","VEGF",0.0287643843078459,0
"C6","C3","VISFATIN",0.00861532549243716,0
"C6","C4","ANGPT",0.00106501064191473,0
"C6","C4","CDH",0.00362895805183562,0
"C6","C4","COMPLEMENT",7.29867690403185e-05,0
"C6","C4","CSF",4.11688389712266e-05,0
"C6","C4","CXCL",0.0012605382526621,0
"C6","C4","EPHA",5.08678805644782e-05,0
"C6","C4","GAS",0.00517126904580714,0
"C6","C4","ICAM",2.01373131460318e-05,0
"C6","C4","LAMININ",0.00145966427440155,0
"C6","C4","MHC-II",0.00376263235587043,0
"C6","C4","NCAM",0.0018550903251868,0.01
"C6","C4","NEGR",0.000110398925580115,0
"C6","C4","PTN",0.00356282961857966,0
"C6","C4","THBS",0.0447047356949765,0
"C6","C4","VISFATIN",0.00502944754299314,0
"C6","C5","ACTIVIN",0.000430192916689611,0
"C6","C5","AGT",0.000137479155238855,0
"C6","C5","CADM",0.000245765431259245,0
"C6","C5","CD45",1.87545702266572e-05,0
"C6","C5","CDH",0.00413811562129718,0
"C6","C5","CSF",4.08763635584755e-05,0.01
"C6","C5","EPHA",0.000308496000592482,0.00333333333333333
"C6","C5","EPHB",0.000151860766101663,0.00333333333333333
"C6","C5","FGF",8.09392117658424e-05,0.005
"C6","C5","GAS",0.000461643972923385,0
"C6","C5","ICAM",0.000184093702958427,0
"C6","C5","IGF",0.000448544002439678,0
"C6","C5","LAMININ",0.00227720644934116,0.006
"C6","C5","NCAM",0.0007809171292774,0
"C6","C5","PTN",0.00462151806161802,0.01
"C6","C5","SEMA3",0.000320000614250205,0.0114285714285714
"C6","C5","SEMA5",0.000173858395745761,0
"C6","C5","TGFb",0.000438038499512326,0
"C6","C5","THBS",0.0054159586207452,0.005
"C6","C5","VWF",0.00246488717002852,0
"C6","C6","CDH",0.0304460599248608,0
"C6","C6","IGF",7.35809133692424e-05,0.01
"C6","C6","NCAM",0.000544706557849117,0.01
"C6","C6","THBS",0.0254832212617764,0
"C6","C6","VISFATIN",0.00209256494667391,0.02
"C6","C7","ANNEXIN",0.0200492507046107,0
"C6","C7","CDH",0.0232872903718899,0
"C6","C7","COLLAGEN",0.0127346656331271,0.015
"C6","C7","COMPLEMENT",0.00592752302808247,0
"C6","C7","ICAM",0.0012633003628991,0
"C6","C7","IGF",0.000135341213279719,0.00666666666666667
"C6","C7","JAM",0.000183577206980469,0
"C6","C7","LAMININ",0.0127621606074572,0.0133333333333333
"C6","C7","NCAM",0.00033998111614253,0
"C6","C7","THBS",0.0353478677987908,0
"C6","C8","ANGPT",0.00391974348591356,0
"C6","C8","APP",0.0719667149520294,0
"C6","C8","CD34",0.00920343949894969,0
"C6","C8","EPHA",0.000715300725369952,0
"C6","C8","IGF",0.000326552296269704,0
"C6","C8","LAMININ",0.00810067435210441,0.01
"C6","C8","NCAM",0.0011759289533482,0.01
"C6","C8","SEMA3",0.000386607503432913,0.0275
"C6","C8","TGFb",0.0019753403016896,0.01
"C6","C8","THBS",0.0583985365970106,0
"C6","C8","VEGF",0.0127604377758829,0.04
"C6","C8","VISFATIN",0.00657865336707122,0.005
"C7","C2","CDH",0.00517697358881597,0
"C7","C2","GRN",0.00303379836984762,0.02
"C7","C2","IL1",3.02027006694822e-05,0
"C7","C2","ITGB2",0.00528491313428626,0
"C7","C2","RESISTIN",0.0118463729349344,0
"C7","C2","SELL",0.0456455532473498,0
"C7","C2","SEMA4",0.000843057608661521,0
"C7","C2","VISFATIN",0.00675691202594329,0
"C7","C3","ACTIVIN",5.25798308237589e-05,0.01
"C7","C3","ANGPT",0.00187790132841895,0.015
"C7","C3","CALCR",0.00272951014451993,0
"C7","C3","CD39",7.11599577679423e-06,0
"C7","C3","CD46",0.00276685183124778,0.02
"C7","C3","CXCL",4.00956816069659e-05,0.02
"C7","C3","EPHB",0.000630402374903357,0.01
"C7","C3","FGF",7.83611406650889e-06,0
"C7","C3","GAS",0.00321032113139029,0.005
"C7","C3","GDF",3.46943083627628e-05,0.0133333333333333
"C7","C3","GRN",0.00611224592885281,0
"C7","C3","IL1",1.68155472632155e-05,0
"C7","C3","ITGB2",0.0304799422814868,0
"C7","C3","NCAM",0.000718002281288578,0.04
"C7","C3","RESISTIN",0.035316338838032,0
"C7","C3","SELL",0.120512234037833,0
"C7","C3","SEMA4",0.00215605086360579,0
"C7","C3","TGFb",0.000463890070931358,0.03
"C7","C3","THBS",0.0541051035409549,0
"C7","C3","VEGF",0.0259444432940116,0.0125
"C7","C3","VISFATIN",0.0183852160271619,0
"C7","C4","CDH",0.00275774762513291,0.01
"C7","C4","COMPLEMENT",2.86991294159909e-05,0
"C7","C4","CXCL",0.000876281014612003,0
"C7","C4","GAS",0.00430219154137007,0
"C7","C4","GDF",3.80816551277865e-05,0.01
"C7","C4","ICAM",2.43210923178836e-05,0.01
"C7","C4","IL1",7.65758962354403e-05,0
"C7","C4","IL16",6.20441645240994e-05,0
"C7","C4","ITGB2",0.011202267000888,0
"C7","C4","MHC-II",0.00241303687707631,0.00666666666666667
"C7","C4","NCAM",0.00108419036500577,0
"C7","C4","PDGF",0.000179130323615831,0.02
"C7","C4","PTN",0.000867293220349182,0.04
"C7","C4","RESISTIN",0.0343557517114139,0
"C7","C4","SELL",0.0924410854360323,0
"C7","C4","SEMA4",0.00114218646779551,0
"C7","C4","THBS",0.0312019100551055,0.025
"C7","C4","VISFATIN",0.0107553215317618,0
"C7","C5","ACTIVIN",0.000470781497054471,0
"C7","C5","AGT",0.000161108356677366,0
"C7","C5","CADM",0.000378292692637478,0
"C7","C5","CALCR",0.000174773461208295,0
"C7","C5","CD39",0.000103037093681741,0
"C7","C5","CD45",0.000241574523007621,0
"C7","C5","CDH",0.00314505666370006,0.03
"C7","C5","EPHA",0.000124453359940208,0.0166666666666667
"C7","C5","EPHB",0.000465999982246859,0.00166666666666667
"C7","C5","FGF",2.47830922820745e-05,0.02
"C7","C5","GAS",0.000383755300943624,0
"C7","C5","GDF",0.000120826503349857,0
"C7","C5","GDNF",4.6299075984062e-05,0
"C7","C5","ICAM",0.000222334627524384,0
"C7","C5","IGF",8.10422976103966e-05,0
"C7","C5","IL1",0.000393463666726892,0
"C7","C5","ITGB2",0.000757066175962868,0
"C7","C5","LAMININ",0.00062466170320348,0.0133333333333333
"C7","C5","NCAM",0.000487448456718204,0
"C7","C5","RESISTIN",0.0044676479667591,0
"C7","C5","SELL",0.0174954923633362,0
"C7","C5","SELPLG",0.000817385173179608,0
"C7","C5","SEMA3",4.88945284299218e-05,0.01
"C7","C5","SEMA4",0.00256502323892179,0
"C7","C5","SEMA5",0.000229129844802904,0
"C7","C5","TGFb",0.000340642357758324,0.01
"C7","C5","THBS",0.0015390265614869,0
"C7","C5","VISFATIN",0.00340020627607497,0
"C7","C5","VWF",0.00221048952621045,0.02
"C7","C6","CDH",0.0232872903718899,0
"C7","C6","ITGB2",0.000762356576319033,0
"C7","C6","NCAM",0.00033998111614253,0
"C7","C6","RESISTIN",0.016511816343913,0
"C7","C6","SELL",0.0137017833967401,0
"C7","C6","SEMA4",3.6469523270416e-05,0
"C7","C6","VISFATIN",0.0060656086465478,0.005
"C7","C7","ANNEXIN",0.0659352995577231,0
"C7","C7","CDH",0.0177808900319082,0
"C7","C7","COLLAGEN",0.00850230794131795,0.015
"C7","C7","COMPLEMENT",0.00233355133456815,0
"C7","C7","ICAM",0.0015256202225759,0
"C7","C7","IL1",0.0060231016505358,0
"C7","C7","ITGB2",0.000920603744204836,0
"C7","C7","LAMININ",0.00735146105133474,0
"C7","C7","RESISTIN",0.0670033790732291,0
"C7","C7","SELL",0.00326527111007844,0
"C7","C7","SELPLG",0.0188396009547405,0
"C7","C7","SEMA4",0.00015009686060145,0
"C7","C7","THBS",0.00443453663918703,0.01
"C7","C7","VISFATIN",0.00568033240002639,0.01
"C7","C8","ANGPT",0.00228186455329951,0.02
"C7","C8","CALCR",0.0045352893551882,0
"C7","C8","CD34",0.00393126796414741,0.01
"C7","C8","EPHB",0.00139557837517951,0.01
"C7","C8","IGF",7.95457781532375e-05,0.01
"C7","C8","IL1",0.000152129308119098,0
"C7","C8","ITGB2",0.0178679837341039,0
"C7","C8","LAMININ",0.00548426276372218,0.01
"C7","C8","RESISTIN",0.0713852124630689,0
"C7","C8","SELL",0.127034333506281,0
"C7","C8","SELPLG",0.0324165872904113,0
"C7","C8","SEMA4",0.00160730555910711,0
"C7","C8","TGFb",0.00146133876341648,0.025
"C7","C8","THBS",0.0408485308053564,0.015
"C7","C8","VCAM",0.00199149109203287,0
"C7","C8","VISFATIN",0.0140562924421213,0
"C8","C2","BMP",0.000438701189396443,0
"C8","C2","EDN",0.00244816184535522,0.02
"C8","C2","FGF",0.000971787114912719,0
"C8","C2","JAM",0.00464411947276788,0.005
"C8","C2","LAMININ",0.000786753853826883,0.03
"C8","C2","MK",0.00754253274685901,0.01
"C8","C2","NOTCH",0.00325685643894478,0.0075
"C8","C2","NRG",1.7149284659165e-06,0.04
"C8","C2","PECAM1",0.0414784787068485,0
"C8","C2","SELE",0.00343240591106048,0
"C8","C2","SEMA6",4.61581426112144e-05,0.02
"C8","C2","THBS",0.00105536880305197,0.02
"C8","C2","VEGF",0.000635243906145514,0.01
"C8","C2","VISFATIN",0.00525850245465302,0.015
"C8","C3","AGRN",0.0001979294198923,0.01
"C8","C3","APP",0.0770656731949021,0
"C8","C3","BMP",0.000742817467750037,0
"C8","C3","CD39",0.000127691792240648,0
"C8","C3","CD46",0.0107535405095815,0
"C8","C3","CDH5",0.0536391086485585,0
"C8","C3","COLLAGEN",0.0276441205616954,0.012
"C8","C3","CXCL",0.000114044656564036,0.03
"C8","C3","EDN",0.0151363116676701,0
"C8","C3","EPHA",0.0150849376568116,0
"C8","C3","EPHB",0.0103858176163822,0.00333333333333333
"C8","C3","ESAM",0.0961180160860654,0
"C8","C3","FGF",0.00143196849349128,0
"C8","C3","FN1",0.0143910168933832,0
"C8","C3","GAS",0.00510327840416435,0
"C8","C3","GRN",0.0065690589792773,0
"C8","C3","HGF",4.73720857699408e-06,0.01
"C8","C3","IL6",0.0014400025729312,0
"C8","C3","JAM",0.0427673048428429,0
"C8","C3","LAMININ",0.110529100418414,0.0178260869565217
"C8","C3","MK",0.0187124573945503,0.0075
"C8","C3","NOTCH",0.0219546472076868,0.00285714285714286
"C8","C3","PDGF",0.000851783581418392,0.02
"C8","C3","PECAM1",0.112213705872428,0
"C8","C3","PERIOSTIN",0.0159353693803241,0
"C8","C3","PROS",0.00405897846577569,0
"C8","C3","PTPRM",0.0192118164472788,0
"C8","C3","SELE",0.00935531076063175,0
"C8","C3","SEMA3",0.000108603345615994,0.025
"C8","C3","SEMA6",0.000838855000378662,0
"C8","C3","TGFb",5.52316960346725e-05,0.02
"C8","C3","THBS",0.00227692888822031,0.01
"C8","C3","TRAIL",0.0043936905305535,0
"C8","C3","VEGF",0.00225392813586427,0
"C8","C3","VISFATIN",0.0143244329781477,0
"C8","C3","VWF",0.00256949299618546,0
"C8","C4","AGRN",0.000173653790367433,0.02
"C8","C4","APP",0.0675265304448512,0.02
"C8","C4","CD46",0.0036054013350535,0.02
"C8","C4","CDH5",0.0176260876034445,0.04
"C8","C4","CLDN",8.63141830190449e-05,0
"C8","C4","COLLAGEN",0.00614067127675368,0.01
"C8","C4","CSF",0.000182141274891191,0
"C8","C4","CXCL",0.00248857921302271,0
"C8","C4","EDN",0.00578659158037954,0
"C8","C4","EPHA",0.00292913070747922,0
"C8","C4","EPHB",0.00180881194157787,0.03
"C8","C4","ESAM",0.0393318789806967,0.02
"C8","C4","FGF",0.0020550020249699,0
"C8","C4","FN1",0.013761017864944,0.0133333333333333
"C8","C4","GAS",0.00683296662676486,0
"C8","C4","ICAM",0.000183827791856532,0
"C8","C4","IL6",0.00369062975219031,0
"C8","C4","JAM",0.0200844760717335,0.00833333333333333
"C8","C4","LAMININ",0.0330539672201299,0.0157142857142857
"C8","C4","MHC-II",0.0774838002999347,0
"C8","C4","MK",0.0260015594689604,0
"C8","C4","NOTCH",0.00875244160312574,0.00666666666666667
"C8","C4","PDGF",0.000917082524555807,0
"C8","C4","PECAM1",0.0530000270766028,0
"C8","C4","PERIOSTIN",0.0208010171337891,0
"C8","C4","PROS",0.00581806135773854,0
"C8","C4","PTPRM",0.00609859981648367,0
"C8","C4","SELE",0.0154528491923068,0
"C8","C4","SEMA3",8.49933498048942e-06,0.03
"C8","C4","THBS",0.00128701661512277,0.02
"C8","C4","TRAIL",0.00130377828145079,0.01
"C8","C4","TWEAK",9.47452676609383e-06,0
"C8","C4","VEGF",0.000319407530285984,0.0266666666666667
"C8","C4","VISFATIN",0.00837250276511617,0
"C8","C5","AGRN",0.000372036120949149,0
"C8","C5","AGT",2.73980408971744e-05,0
"C8","C5","BMP",0.00484200871666536,0.00333333333333333
"C8","C5","CADM",1.79616980448198e-06,0
"C8","C5","CCL",0.00277622497516905,0
"C8","C5","CD39",0.00184593159028055,0
"C8","C5","CLDN",0.000460005410735238,0
"C8","C5","COLLAGEN",0.00137146530027803,0.015
"C8","C5","CSF",0.000180847471396608,0
"C8","C5","CSF3",0.000420725492049908,0
"C8","C5","EPHA",0.010986113639832,0.005
"C8","C5","EPHB",0.00293983124028136,0
"C8","C5","FGF",0.000547528185145641,0.00666666666666667
"C8","C5","FN1",0.00219318674899144,0
"C8","C5","GAS",0.000610914590916105,0
"C8","C5","HGF",2.74008547486908e-05,0
"C8","C5","HSPG",0.000696970475753577,0.04
"C8","C5","ICAM",0.00167851595252344,0
"C8","C5","IGF",0.000129792671372863,0.0133333333333333
"C8","C5","IL6",0.00325610591887908,0
"C8","C5","JAM",0.0033854644779199,0
"C8","C5","LAMININ",0.0153731423427495,0.008
"C8","C5","MK",0.015740934036171,0
"C8","C5","NOTCH",0.0121612635331455,0.00142857142857143
"C8","C5","NRG",7.80889188440089e-05,0
"C8","C5","PDGF",0.000361299331819457,0
"C8","C5","PERIOSTIN",0.0136477136043537,0
"C8","C5","PROS",0.000519691437975629,0
"C8","C5","SELE",0.00473326040378248,0
"C8","C5","SEMA3",0.000137414220049072,0.0155555555555556
"C8","C5","SEMA6",0.00150905096486067,0.005
"C8","C5","TGFb",3.72152095020878e-05,0
"C8","C5","THBS",0.000151351479598811,0.015
"C8","C5","VEGF",0.000239326206669766,0.01
"C8","C5","VISFATIN",0.00264569345403913,0.03
"C8","C5","VWF",0.00723346705113029,0
"C8","C6","AGRN",0.000289062348671321,0.01
"C8","C6","FGF",0.000753061068228256,0
"C8","C6","IL6",0.0024642461251376,0
"C8","C6","JAM",0.00307104132983965,0
"C8","C6","LAMININ",0.00436456411925707,0.03
"C8","C6","MK",0.00238621904999761,0
"C8","C6","SELE",0.00374762863735558,0
"C8","C6","THBS",0.000795627162206411,0.035
"C8","C6","VISFATIN",0.00348453726358063,0.01
"C8","C7","ANGPTL",7.12124594340384e-05,0
"C8","C7","ANNEXIN",0.194474887715079,0
"C8","C7","COLLAGEN",0.0169194255631839,0
"C8","C7","CSF3",0.00869949442648752,0
"C8","C7","CXCL",0.0119195754647611,0
"C8","C7","FGF",0.00087313175622296,0
"C8","C7","FN1",0.00992805893551119,0
"C8","C7","GALECTIN",0.000126254690351822,0.01
"C8","C7","ICAM",0.0198856316969017,0
"C8","C7","IL1",0.00307771678282679,0
"C8","C7","IL6",0.00218418744535819,0
"C8","C7","JAM",0.00340616363424599,0.01
"C8","C7","LAMININ",0.0416153991748794,0
"C8","C7","MK",0.00499943360055821,0.01
"C8","C7","NOTCH",0.000167715299243804,0
"C8","C7","PERIOSTIN",0.00389056260872996,0
"C8","C7","PROS",0.00040692314073142,0.04
"C8","C7","SELE",0.0176269379484855,0
"C8","C7","THBS",0.00100959926781281,0.02
"C8","C7","VISFATIN",0.00301144316550886,0.02
"C8","C8","ANGPT",0.000337700770786704,0.01
"C8","C8","APP",0.0965504480607436,0
"C8","C8","BMP",0.000887751782738515,0
"C8","C8","CADM",7.56697973902874e-06,0.01
"C8","C8","CD34",0.0843364158694174,0
"C8","C8","CD46",0.00691354192669266,0
"C8","C8","CDH5",0.0492373018990426,0
"C8","C8","CLDN",0.0028886749269523,0
"C8","C8","COLLAGEN",0.00874621037693817,0.0233333333333333
"C8","C8","EDN",0.00509712244599715,0.01
"C8","C8","EPHA",0.0402930060398973,0
"C8","C8","EPHB",0.0179423443058487,0.00666666666666667
"C8","C8","ESAM",0.0862247618889969,0.01
"C8","C8","FGF",0.00140296553826241,0.01
"C8","C8","FN1",0.0129330069263925,0.015
"C8","C8","HGF",0.000174532748491165,0
"C8","C8","IGF",9.87121098980377e-05,0
"C8","C8","IL1",0.000526459946297243,0
"C8","C8","JAM",0.06330165268842,0.00428571428571429
"C8","C8","LAMININ",0.0399638401567493,0.01
"C8","C8","MK",0.00868449415073527,0
"C8","C8","NOTCH",0.00417771538983879,0.0175
"C8","C8","PECAM1",0.15482596154358,0
"C8","C8","PERIOSTIN",0.00847919831845454,0
"C8","C8","PTPRM",0.0243002940551794,0
"C8","C8","SELE",0.00662042225901642,0.015
"C8","C8","SEMA3",1.2893074616944e-05,0.035
"C8","C8","TGFb",0.00019792347421949,0.0166666666666667
"C8","C8","THBS",0.00169319318945152,0.01
"C8","C8","TRAIL",0.0116581387144471,0
"C8","C8","TWEAK",0.0005537974754455,0
"C8","C8","VCAM",0.00454587271664842,0
"C8","C8","VEGF",0.000845860534100252,0.025
"C8","C8","VISFATIN",0.0109460229841769,0
